<?xml version="1.0" encoding="utf-8" standalone="yes"?>
<rss version="2.0" xmlns:atom="http://www.w3.org/2005/Atom">
    <channel>
        <title>青鸟Odan的小窝</title>
        <link>https://ederodan.com/</link>
        <description>Recent content on 青鸟Odan的小窝</description>
        <generator>Hugo -- gohugo.io</generator>
        <language>zh-CN</language>
        <lastBuildDate>Tue, 28 May 2019 00:00:00 +0000</lastBuildDate><atom:link href="https://ederodan.com/index.xml" rel="self" type="application/rss+xml" />
    </channel>
</rss>
