<?xml version="1.0" encoding="utf-8" standalone="yes"?>
<rss version="2.0" xmlns:atom="http://www.w3.org/2005/Atom">
  <channel>
    <title>Categories on 青鸟Odan的小窝</title>
    <link>https://ederodan.com/categories/</link>
    <description>Recent content in Categories on 青鸟Odan的小窝</description>
    <generator>Hugo -- gohugo.io</generator>
    <language>zh-CN</language><atom:link href="https://ederodan.com/categories/index.xml" rel="self" type="application/rss+xml" />
    <item>
      <title>Test</title>
      <link>https://ederodan.com/categories/test/</link>
      <pubDate>Mon, 01 Jan 0001 00:00:00 +0000</pubDate>
      
      <guid>https://ederodan.com/categories/test/</guid>
      <description></description>
    </item>
    
  </channel>
</rss>
